club_name,club_country,image
arsenal,gb,cdn.resfu.com/img_data/equipos/263.png
aston-villa-fc,gb,cdn.resfu.com/img_data/equipos/297.png
chelsea-fc,gb,cdn.resfu.com/img_data/equipos/752.png
everton-fc,gb,cdn.resfu.com/img_data/equipos/1017.png
liverpool,gb,cdn.resfu.com/img_data/equipos/3845.png
manchester-city-fc,gb,cdn.resfu.com/img_data/equipos/1633.png
manchester-united-fc,gb,cdn.resfu.com/img_data/equipos/1635.png
newcastle-united-fc,gb,cdn.resfu.com/img_data/equipos/1796.png
tottenham-hotspur-fc,gb,cdn.resfu.com/img_data/equipos/2523.png
west-ham-united,gb,cdn.resfu.com/img_data/equipos/2804.png
wolverhampton,gb,cdn.resfu.com/img_data/equipos/5651.png
birmingham-city-fc,gb,cdn.resfu.com/img_data/equipos/502.png
blackburn-rovers-fc,gb,cdn.resfu.com/img_data/equipos/507.png
blackpool-fc,gb,cdn.resfu.com/img_data/equipos/508.png
bolton-wanderers-fc,gb,cdn.resfu.com/img_data/equipos/526.png
burnley-fc,gb,cdn.resfu.com/img_data/equipos/569.png
afc-bournemouth,gb,cdn.resfu.com/img_data/equipos/80.png
brighton-amp-hov,gb,cdn.resfu.com/img_data/equipos/5652.png
brentford,gb,cdn.resfu.com/img_data/equipos/9179.png
cardiff-city-fc,wa,cdn.resfu.com/img_data/equipos/636.png
charlton-athletic-fc,gb,cdn.resfu.com/img_data/equipos/751.png
crystal-palace-fc,gb,cdn.resfu.com/img_data/equipos/860.png
derby-county-fc,gb,cdn.resfu.com/img_data/equipos/916.png
fulham,gb,cdn.resfu.com/img_data/equipos/1183.png
huddersfield-town-fc,gb,cdn.resfu.com/img_data/equipos/1337.png
hull-city,gb,cdn.resfu.com/img_data/equipos/1341.png
ipswich-town-fc,gb,cdn.resfu.com/img_data/equipos/1387.png
leeds-united-afc,gb,cdn.resfu.com/img_data/equipos/1533.png
leicester-city-fc,gb,cdn.resfu.com/img_data/equipos/1538.png
middlesbrough-fc,gb,cdn.resfu.com/img_data/equipos/1689.png
millwall-fc,gb,cdn.resfu.com/img_data/equipos/1694.png
norwich-city-fc,gb,cdn.resfu.com/img_data/equipos/1824.png
nottingham-forest-fc,gb,cdn.resfu.com/img_data/equipos/1825.png
plymouth-argyle,gb,cdn.resfu.com/img_data/equipos/9211.png
portsmouth,gb,cdn.resfu.com/img_data/equipos/2004.png
preston-north-end,gb,cdn.resfu.com/img_data/equipos/9184.png
queens-park-rangers-fc,gb,cdn.resfu.com/img_data/equipos/2044.png
reading-fc,gb,cdn.resfu.com/img_data/equipos/2092.png
rotherham-united,gb,cdn.resfu.com/img_data/equipos/9194.png
sheffield-united,gb,cdn.resfu.com/img_data/equipos/9182.png
southampton-fc,gb,cdn.resfu.com/img_data/equipos/2369.png
stoke-city,gb,cdn.resfu.com/img_data/equipos/2429.png
sunderland-afc,gb,cdn.resfu.com/img_data/equipos/2438.png
swansea-city-afc,wa,cdn.resfu.com/img_data/equipos/2453.png
watford-fc,gb,cdn.resfu.com/img_data/equipos/2743.png
west-bromwich,gb,cdn.resfu.com/img_data/equipos/2748.png
wigan-athletic,gb,cdn.resfu.com/img_data/equipos/2753.png
atalanta,it,cdn.resfu.com/img_data/equipos/339.png
bologna,it,cdn.resfu.com/img_data/equipos/522.png
cagliari,it,cdn.resfu.com/img_data/equipos/609.png
empoli-fc,it,cdn.resfu.com/img_data/equipos/983.png
fiorentina,it,cdn.resfu.com/img_data/equipos/1142.png
hellas-verona-fc,it,cdn.resfu.com/img_data/equipos/1305.png
internazionale,it,cdn.resfu.com/img_data/equipos/1381.png
juventus-fc,it,cdn.resfu.com/img_data/equipos/1430.png
lazio,it,cdn.resfu.com/img_data/equipos/1526.png
milan,it,cdn.resfu.com/img_data/equipos/1692.png
napoli,it,cdn.resfu.com/img_data/equipos/1777.png
palermo,it,cdn.resfu.com/img_data/equipos/1906.png
parma-fc,it,cdn.resfu.com/img_data/equipos/1927.png
roma,it,cdn.resfu.com/img_data/equipos/2176.png
sampdoria,it,cdn.resfu.com/img_data/equipos/2215.png
us-sassuolo-calcio,it,cdn.resfu.com/img_data/equipos/2634.png
torino-fc,it,cdn.resfu.com/img_data/equipos/2508.png
udinese,it,cdn.resfu.com/img_data/equipos/2573.png
as-bari,it,cdn.resfu.com/img_data/equipos/271.png
brescia,it,cdn.resfu.com/img_data/equipos/544.png
chievo,it,cdn.resfu.com/img_data/equipos/4787.png
us-cremonese,it,cdn.resfu.com/img_data/equipos/2625.png
frosinone-calcio,it,cdn.resfu.com/img_data/equipos/1174.png
genoa,it,cdn.resfu.com/img_data/equipos/4101.png
lecce,it,cdn.resfu.com/img_data/equipos/1531.png
ac-monza-brianza-1912,it,cdn.resfu.com/img_data/equipos/47.png
perugia,it,cdn.resfu.com/img_data/equipos/1954.png
pisa-calcio,it,cdn.resfu.com/img_data/equipos/1973.png
reggina,it,cdn.resfu.com/img_data/equipos/2146.png
salernitana-calcio-1919,it,cdn.resfu.com/img_data/equipos/2209.png
spal-1907,it,cdn.resfu.com/img_data/equipos/2376.png
asd-spezia,it,cdn.resfu.com/img_data/equipos/2817.png
venezia,it,cdn.resfu.com/img_data/equipos/2673.png
athletic-bilbao,es,cdn.resfu.com/img_data/equipos/347.png
atletico-madrid,es,cdn.resfu.com/img_data/equipos/369.png
barcelona,es,cdn.resfu.com/img_data/equipos/429.png
betis,es,cdn.resfu.com/img_data/equipos/486.png
celta,es,cdn.resfu.com/img_data/equipos/712.png
espanyol,es,cdn.resfu.com/img_data/equipos/998.png
mallorca,es,cdn.resfu.com/img_data/equipos/1623.png
osasuna,es,cdn.resfu.com/img_data/equipos/1887.png
real-madrid,es,cdn.resfu.com/img_data/equipos/2107.png
real-sociedad,es,cdn.resfu.com/img_data/equipos/2120.png
sevilla,es,cdn.resfu.com/img_data/equipos/1102.png
valencia-cf,es,cdn.resfu.com/img_data/equipos/2647.png
villarreal,es,cdn.resfu.com/img_data/equipos/2716.png
alaves,es,cdn.resfu.com/img_data/equipos/137.png
almeria,es,cdn.resfu.com/img_data/equipos/183.png
cadiz,es,cdn.resfu.com/img_data/equipos/603.png
deportivo,es,cdn.resfu.com/img_data/equipos/901.png
elche,es,cdn.resfu.com/img_data/equipos/975.png
getafe,es,cdn.resfu.com/img_data/equipos/1217.png
girona-fc,es,cdn.resfu.com/img_data/equipos/1236.png
granada,es,cdn.resfu.com/img_data/equipos/4235.png
huesca,es,cdn.resfu.com/img_data/equipos/1339.png
levante,es,cdn.resfu.com/img_data/equipos/1547.png
malaga,es,cdn.resfu.com/img_data/equipos/1617.png
rm-castilla,es,cdn.resfu.com/img_data/equipos/2170.png
tenerife,es,cdn.resfu.com/img_data/equipos/2477.png
ud-palmas,es,cdn.resfu.com/img_data/equipos/2563.png
racing,es,cdn.resfu.com/img_data/equipos/2052.png
rayo-vallecano,es,cdn.resfu.com/img_data/equipos/2080.png
real-zaragoza,es,cdn.resfu.com/img_data/equipos/2136.png
sporting-gijon,es,cdn.resfu.com/img_data/equipos/2125.png
valladolid,es,cdn.resfu.com/img_data/equipos/2654.png
fc-augsburg,de,cdn.resfu.com/img_data/equipos/1039.png
bayer-leverkusen,de,cdn.resfu.com/img_data/equipos/3668.png
borussia-dortmund,de,cdn.resfu.com/img_data/equipos/530.png
borussia-monchengla,de,cdn.resfu.com/img_data/equipos/5623.png
bayern-munchen,de,cdn.resfu.com/img_data/equipos/449.png
1-fc-koln,de,cdn.resfu.com/img_data/equipos/4.png
eintracht-frankfurt,de,cdn.resfu.com/img_data/equipos/960.png
hamburger-sv,de,cdn.resfu.com/img_data/equipos/1286.png
hertha-bsc,de,cdn.resfu.com/img_data/equipos/1319.png
tsg-1899-hoffenheim,de,cdn.resfu.com/img_data/equipos/2542.png
mainz-amat,de,cdn.resfu.com/img_data/equipos/2987.png
rb-leipzig,de,cdn.resfu.com/img_data/equipos/9750.png
schalke-04,de,cdn.resfu.com/img_data/equipos/2294.png
sc-freiburg,de,cdn.resfu.com/img_data/equipos/2286.png
1-fc-union-berlin,de,cdn.resfu.com/img_data/equipos/8.png
stuttgart,de,cdn.resfu.com/img_data/equipos/2433.png
werder-bremen,de,cdn.resfu.com/img_data/equipos/2746.png
wolfsburg,de,cdn.resfu.com/img_data/equipos/2760.png
1860-munchen,de,cdn.resfu.com/img_data/equipos/12.png
arminia-bielefeld,de,cdn.resfu.com/img_data/equipos/258.png
bochum,de,cdn.resfu.com/img_data/equipos/515.png
darmstadt-98,de,cdn.resfu.com/img_data/equipos/5664.png
eintracht-brau-hellip,de,cdn.resfu.com/img_data/equipos/5116.png
hansa-rostock,de,cdn.resfu.com/img_data/equipos/1292.png
karlsruher-sc,de,cdn.resfu.com/img_data/equipos/1443.png
fc-nurnberg,de,cdn.resfu.com/img_data/equipos/1092.png
fortuna-dusseldorf,de,cdn.resfu.com/img_data/equipos/1166.png
hannover-96,de,cdn.resfu.com/img_data/equipos/1291.png
kaiserslautern,de,cdn.resfu.com/img_data/equipos/1435.png
paderborn,de,cdn.resfu.com/img_data/equipos/4800.png
saarbrucken,de,cdn.resfu.com/img_data/equipos/9706.png
sg-dynamo-dresden,de,cdn.resfu.com/img_data/equipos/2316.png
st-pauli,de,cdn.resfu.com/img_data/equipos/2418.png
angers-sco,fr,cdn.resfu.com/img_data/equipos/224.png
ajaccio,fr,cdn.resfu.com/img_data/equipos/97.png
auxerre,fr,cdn.resfu.com/img_data/equipos/399.png
bastia,fr,cdn.resfu.com/img_data/equipos/445.png
bordeaux,fr,cdn.resfu.com/img_data/equipos/527.png
caen,fr,cdn.resfu.com/img_data/equipos/606.png
clermont-foot,fr,cdn.resfu.com/img_data/equipos/788.png
dijon-fco,fr,cdn.resfu.com/img_data/equipos/924.png
guingamp,fr,cdn.resfu.com/img_data/equipos/1274.png
havre-ac,fr,cdn.resfu.com/img_data/equipos/1527.png
lens,fr,cdn.resfu.com/img_data/equipos/1544.png
lillestrom,fr,cdn.resfu.com/img_data/equipos/3015.png
lorient,fr,cdn.resfu.com/img_data/equipos/1586.png
metz,fr,cdn.resfu.com/img_data/equipos/1682.png
monaco,mc,cdn.resfu.com/img_data/equipos/1713.png
montpellier-hsc,fr,cdn.resfu.com/img_data/equipos/1728.png
nancy,fr,cdn.resfu.com/img_data/equipos/1775.png
nantes,fr,cdn.resfu.com/img_data/equipos/1776.png
nice,fr,cdn.resfu.com/img_data/equipos/1799.png
nimes-olympique,fr,cdn.resfu.com/img_data/equipos/1800.png
olympique-lyonnais,fr,cdn.resfu.com/img_data/equipos/1866.png
olympique-marsella,fr,cdn.resfu.com/img_data/equipos/5117.png
paris-sg,fr,cdn.resfu.com/img_data/equipos/1925.png
paris-saint-germain-fc,fr,cdn.resfu.com/img_data/equipos/1924.png
saint-etienne,fr,cdn.resfu.com/img_data/equipos/2203.png
stade-brestois-29,fr,cdn.resfu.com/img_data/equipos/2420.png
stade-reims,fr,cdn.resfu.com/img_data/equipos/2421.png
stade-rennes,fr,cdn.resfu.com/img_data/equipos/3863.png
strasbourg,fr,cdn.resfu.com/img_data/equipos/2430.png
toulouse-fc,fr,cdn.resfu.com/img_data/equipos/2524.png
sochaux,fr,cdn.resfu.com/img_data/equipos/2355.png
benfica,pt,cdn.resfu.com/img_data/equipos/466.png
fc-porto,pt,cdn.resfu.com/img_data/equipos/1095.png
sporting-lisbon,pt,cdn.resfu.com/img_data/equipos/4098.png
sporting-braga,pt,cdn.resfu.com/img_data/equipos/2386.png
vitoria-guimaraes,pt,cdn.resfu.com/img_data/equipos/2730.png
academica,pt,cdn.resfu.com/img_data/equipos/59.png
academico-viseu,pt,cdn.resfu.com/img_data/equipos/7076.png
arouca,pt,cdn.resfu.com/img_data/equipos/4641.png
belenenses,pt,cdn.resfu.com/img_data/equipos/462.png
chaves,pt,cdn.resfu.com/img_data/equipos/7018.png
boavista,pt,cdn.resfu.com/img_data/equipos/513.png
estoril,pt,cdn.resfu.com/img_data/equipos/1007.png
famalicao,pt,cdn.resfu.com/img_data/equipos/7017.png
gil-vicente,pt,cdn.resfu.com/img_data/equipos/1223.png
maritimo,pt,cdn.resfu.com/img_data/equipos/1653.png
nacional,pt,cdn.resfu.com/img_data/equipos/1766.png
pacos-ferreira,pt,cdn.resfu.com/img_data/equipos/1898.png
penafiel,pt,cdn.resfu.com/img_data/equipos/1944.png
portimonense,pt,cdn.resfu.com/img_data/equipos/11196.png
rio-ave,pt,cdn.resfu.com/img_data/equipos/2163.png
santa-clara,pt,cdn.resfu.com/img_data/equipos/11311.png
ajax,nl,cdn.resfu.com/img_data/equipos/98.png
psv,nl,cdn.resfu.com/img_data/equipos/2023.png
feyenoord,nl,cdn.resfu.com/img_data/equipos/1135.png
fc-twente-1965,nl,cdn.resfu.com/img_data/equipos/1112.png
az,nl,cdn.resfu.com/img_data/equipos/406.png
fc-groningen,nl,cdn.resfu.com/img_data/equipos/1068.png
heerenveen,nl,cdn.resfu.com/img_data/equipos/1304.png
sparta-rotterdam,nl,cdn.resfu.com/img_data/equipos/2378.png
fc-utrecht,nl,cdn.resfu.com/img_data/equipos/1115.png
vitesse,nl,cdn.resfu.com/img_data/equipos/2728.png
anderlecht,be,cdn.resfu.com/img_data/equipos/218.png
antwerp,be,cdn.resfu.com/img_data/equipos/7512.png
club-brugge,be,cdn.resfu.com/img_data/equipos/6200.png
genk,be,cdn.resfu.com/img_data/equipos/9785.png
kaa-gent,be,cdn.resfu.com/img_data/equipos/1431.png
standard-liege,be,cdn.resfu.com/img_data/equipos/2425.png
union-saint-gilloise,be,cdn.resfu.com/img_data/equipos/7551.png
celtic-fc,ss,cdn.resfu.com/img_data/equipos/716.png
glasgow-rangers-fc,ss,cdn.resfu.com/img_data/equipos/1241.png
aberdeen,ss,cdn.resfu.com/img_data/equipos/9927.png
heart-of-midlo,ss,cdn.resfu.com/img_data/equipos/6030.png
hibernian-fc,ss,cdn.resfu.com/img_data/equipos/1323.png
dundalk,ie,cdn.resfu.com/img_data/equipos/12695.png
shamrock-rovers,ie,cdn.resfu.com/img_data/equipos/2318.png
aalborg-bk,dk,cdn.resfu.com/img_data/equipos/21.png
brondby-if,dk,cdn.resfu.com/img_data/equipos/553.png
fc-kobenhavn,dk,cdn.resfu.com/img_data/equipos/1078.png
midtjylland,dk,cdn.resfu.com/img_data/equipos/9799.png
odense-bk,dk,cdn.resfu.com/img_data/equipos/1844.png
nordsj-aelig-lland,dk,cdn.resfu.com/img_data/equipos/9801.png
randers,dk,cdn.resfu.com/img_data/equipos/9793.png
malmo-ff,se,cdn.resfu.com/img_data/equipos/1625.png
if-elfsborg-boras,se,cdn.resfu.com/img_data/equipos/1357.png
ifk-goteborg,se,cdn.resfu.com/img_data/equipos/1358.png
aik-solna,se,cdn.resfu.com/img_data/equipos/92.png
djurgardens-if,se,cdn.resfu.com/img_data/equipos/930.png
ifk-norrkoping,se,cdn.resfu.com/img_data/equipos/1360.png
rosenborg-bk,no,cdn.resfu.com/img_data/equipos/2181.png
molde-fk,no,cdn.resfu.com/img_data/equipos/1710.png
fk-bodo-glimt,no,cdn.resfu.com/img_data/equipos/1144.png
lillestrom-sk,no,cdn.resfu.com/img_data/equipos/1557.png
sk-brann-bergen,no,cdn.resfu.com/img_data/equipos/2345.png
viking-stavanger,no,cdn.resfu.com/img_data/equipos/2694.png
hjk-helsinki,fi,cdn.resfu.com/img_data/equipos/1328.png
kups-kuopio,fi,cdn.resfu.com/img_data/equipos/1474.png
caramba-dinamo-riga,lv,cdn.resfu.com/img_data/equipos/62999.png
rigas-futbola-skola,lv,cdn.resfu.com/img_data/equipos/13245.png
zalgiris-vilnius,lt,cdn.resfu.com/img_data/equipos/2782.png
flora,ee,cdn.resfu.com/img_data/equipos/4063.png
fenerbahce,tr,cdn.resfu.com/img_data/equipos/10066.png
galatasaray-sk,tr,cdn.resfu.com/img_data/equipos/1192.png
besiktas,tr,cdn.resfu.com/img_data/equipos/10065.png
bursaspor,tr,cdn.resfu.com/img_data/equipos/571.png
antalyaspor,tr,cdn.resfu.com/img_data/equipos/226.png
eskisehirspor,tr,cdn.resfu.com/img_data/equipos/995.png
istanbul-bb,tr,cdn.resfu.com/img_data/equipos/1394.png
sivasspor,tr,cdn.resfu.com/img_data/equipos/2343.png
trabzonspor,tr,cdn.resfu.com/img_data/equipos/2527.png
olympiakos-piraeus,gr,cdn.resfu.com/img_data/equipos/1863.png
aek-athens,gr,cdn.resfu.com/img_data/equipos/77.png
panathinaikos,gr,cdn.resfu.com/img_data/equipos/1911.png
paok,gr,cdn.resfu.com/img_data/equipos/1919.png
aris,gr,cdn.resfu.com/img_data/equipos/254.png
apoel,cy,cdn.resfu.com/img_data/equipos/10076.png
aek-larnaca,cy,cdn.resfu.com/img_data/equipos/5866.png
apollon,cy,cdn.resfu.com/img_data/equipos/10080.png
omonia-nicosia,cy,cdn.resfu.com/img_data/equipos/4060.png
anorthosis,cy,cdn.resfu.com/img_data/equipos/10079.png
maccabi-tel-aviv,il,cdn.resfu.com/img_data/equipos/3703.png
maccabi-haifa-fc,il,cdn.resfu.com/img_data/equipos/1609.png
hapoel-be-er-sheva,il,cdn.resfu.com/img_data/equipos/4430.png
hapoel-tel-aviv,il,cdn.resfu.com/img_data/equipos/3707.png
basel,ch,cdn.resfu.com/img_data/equipos/10035.png
grasshopper,ch,cdn.resfu.com/img_data/equipos/10036.png
zurich,ch,cdn.resfu.com/img_data/equipos/4089.png
bsc-young-boys-bern,ch,cdn.resfu.com/img_data/equipos/554.png
fc-vaduz,li,cdn.resfu.com/img_data/equipos/1116.png
salzburgo,at,cdn.resfu.com/img_data/equipos/3698.png
lask-linz,at,cdn.resfu.com/img_data/equipos/1524.png
rapid-wien,at,cdn.resfu.com/img_data/equipos/9774.png
sturm-graz,at,cdn.resfu.com/img_data/equipos/2432.png
austria-wien,at,cdn.resfu.com/img_data/equipos/397.png
kp-legia-warszawa,pl,cdn.resfu.com/img_data/equipos/1465.png
lech-pozna,pl,cdn.resfu.com/img_data/equipos/10030.png
wisla-krakow-ssa,pl,cdn.resfu.com/img_data/equipos/2757.png
ks-gornik-zabrze,pl,cdn.resfu.com/img_data/equipos/1468.png
sk-sigma-olomouc,cz,cdn.resfu.com/img_data/equipos/2348.png
slavia-praha,cz,cdn.resfu.com/img_data/equipos/10057.png
sparta-praha,cz,cdn.resfu.com/img_data/equipos/10050.png
slovan-liberec,cz,cdn.resfu.com/img_data/equipos/10049.png
viktoria-plze,cz,cdn.resfu.com/img_data/equipos/10054.png
slovan-bratislava,sk,cdn.resfu.com/img_data/equipos/10010.png
ilina,sk,cdn.resfu.com/img_data/equipos/10006.png
maribor,si,cdn.resfu.com/img_data/equipos/10105.png
olimpija-ljubljana,si,cdn.resfu.com/img_data/equipos/5765.png
cska-sofia,bg,cdn.resfu.com/img_data/equipos/4068.png
levski-sofia,bg,cdn.resfu.com/img_data/equipos/4011.png
ludogorets,bg,cdn.resfu.com/img_data/equipos/6474.png
budapesti-vasas-sc,hu,cdn.resfu.com/img_data/equipos/557.png
debreceni-vsc,hu,cdn.resfu.com/img_data/equipos/890.png
ferencvaros-budapest,hu,cdn.resfu.com/img_data/equipos/3026.png
budapest-honved-fc,hu,cdn.resfu.com/img_data/equipos/556.png
ujpest-fc,hu,cdn.resfu.com/img_data/equipos/2578.png
steaua-bucure-ti,ro,cdn.resfu.com/img_data/equipos/9964.png
cfr-cluj,ro,cdn.resfu.com/img_data/equipos/742.png
fc-rapid-bucuresti,ro,cdn.resfu.com/img_data/equipos/2801.png
crvena-zvezda,rs,cdn.resfu.com/img_data/equipos/6017.png
fk-partizan-beograd,rs,cdn.resfu.com/img_data/equipos/3658.png
dinamo-zagreb,hr,cdn.resfu.com/img_data/equipos/9815.png
hajduk-split,hr,cdn.resfu.com/img_data/equipos/9821.png
tirana,al,cdn.resfu.com/img_data/equipos/10060.png
vardar,mk,cdn.resfu.com/img_data/equipos/17733.png
kf-ballkani,xk,cdn.resfu.com/img_data/equipos/111053.png
atletico-mineiro,br,cdn.resfu.com/img_data/equipos/3881.png
corinthians-sao-paulo,br,cdn.resfu.com/img_data/equipos/836.png
coritiba-fbc,br,cdn.resfu.com/img_data/equipos/837.png
cruzeiro-belo-horizonte,br,cdn.resfu.com/img_data/equipos/858.png
flamengo-rio-janeiro,br,cdn.resfu.com/img_data/equipos/1155.png
fluminense-rio-janeiro,br,cdn.resfu.com/img_data/equipos/1158.png
gremio-porto-alegre,br,cdn.resfu.com/img_data/equipos/1256.png
goias-goiania,br,cdn.resfu.com/img_data/equipos/1245.png
internacional,br,cdn.resfu.com/img_data/equipos/1379.png
palmeiras,br,cdn.resfu.com/img_data/equipos/11584.png
a-portuguesa-d,br,cdn.resfu.com/img_data/equipos/5883.png
santos-fc,br,cdn.resfu.com/img_data/equipos/2270.png
sao-paulo-fc,br,cdn.resfu.com/img_data/equipos/2275.png
vasco-da-gama,br,cdn.resfu.com/img_data/equipos/4514.png
abc,br,cdn.resfu.com/img_data/equipos/17303.png
altos,br,cdn.resfu.com/img_data/equipos/83414.png
america-mineiro,br,cdn.resfu.com/img_data/equipos/5639.png
america-rj,br,cdn.resfu.com/img_data/equipos/16596.png
america-rnfc,br,cdn.resfu.com/img_data/equipos/9141.png
avai,br,cdn.resfu.com/img_data/equipos/3880.png
atletico-go,br,cdn.resfu.com/img_data/equipos/17207.png
ec-bahia,br,cdn.resfu.com/img_data/equipos/3910.png
bangu,br,cdn.resfu.com/img_data/equipos/16562.png
botafogo-pb,br,cdn.resfu.com/img_data/equipos/17670.png
botafogo-sp,br,cdn.resfu.com/img_data/equipos/11586.png
bragantino,br,cdn.resfu.com/img_data/equipos/5544.png
brasiliense-fc,br,cdn.resfu.com/img_data/equipos/17019.png
brasil-de-pelotas,br,cdn.resfu.com/img_data/equipos/16578.png
campinense,br,cdn.resfu.com/img_data/equipos/17242.png
cascavel-fc,br,cdn.resfu.com/img_data/equipos/62018.png
caxias,br,cdn.resfu.com/img_data/equipos/16575.png
ceara,br,cdn.resfu.com/img_data/equipos/4516.png
chapecoense,br,cdn.resfu.com/img_data/equipos/11630.png
confianca,br,cdn.resfu.com/img_data/equipos/20616.png
crb,br,cdn.resfu.com/img_data/equipos/15135.png
criciuma-ec,br,cdn.resfu.com/img_data/equipos/853.png
cuiaba,br,cdn.resfu.com/img_data/equipos/15137.png
csa,br,cdn.resfu.com/img_data/equipos/17669.png
ferroviaria,br,cdn.resfu.com/img_data/equipos/16484.png
figueirense-florianopolis,br,cdn.resfu.com/img_data/equipos/1137.png
fortaleza-ec,br,cdn.resfu.com/img_data/equipos/1163.png
gama-br,br,cdn.resfu.com/img_data/equipos/17020.png
guarani-campinas,br,cdn.resfu.com/img_data/equipos/1268.png
inter-de-limeira,br,cdn.resfu.com/img_data/equipos/16510.png
ituano,br,cdn.resfu.com/img_data/equipos/5548.png
joinville,br,cdn.resfu.com/img_data/equipos/6481.png
juventude-caxias-do-sul,br,cdn.resfu.com/img_data/equipos/1429.png
londrina,br,cdn.resfu.com/img_data/equipos/17233.png
madureira-rj,br,cdn.resfu.com/img_data/equipos/15142.png
manaus,br,cdn.resfu.com/img_data/equipos/59902.png
mirassol,br,cdn.resfu.com/img_data/equipos/5546.png
mogi-mirim,br,cdn.resfu.com/img_data/equipos/5542.png
nacional-am,br,cdn.resfu.com/img_data/equipos/17663.png
nautico-recife,br,cdn.resfu.com/img_data/equipos/1780.png
nova-iguacu,br,cdn.resfu.com/img_data/equipos/16563.png
novorizontino,br,cdn.resfu.com/img_data/equipos/16499.png
oeste,br,cdn.resfu.com/img_data/equipos/5541.png
operario-pr,br,cdn.resfu.com/img_data/equipos/17234.png
parana-clube,br,cdn.resfu.com/img_data/equipos/5885.png
paysandu-belem,br,cdn.resfu.com/img_data/equipos/1936.png
ponte-preta,br,cdn.resfu.com/img_data/equipos/11587.png
portuguesa-rj,br,cdn.resfu.com/img_data/equipos/16606.png
remo,br,cdn.resfu.com/img_data/equipos/17658.png
resende,br,cdn.resfu.com/img_data/equipos/16564.png
sampaio-correa-fc,br,cdn.resfu.com/img_data/equipos/59913.png
santa-cruz-recife,br,cdn.resfu.com/img_data/equipos/2253.png
sao-bento,br,cdn.resfu.com/img_data/equipos/16488.png
sao-bernardo-fc,br,cdn.resfu.com/img_data/equipos/11582.png
sao-caetano,br,cdn.resfu.com/img_data/equipos/11580.png
santo-andre,br,cdn.resfu.com/img_data/equipos/3882.png
sergipe,br,cdn.resfu.com/img_data/equipos/17654.png
sport-recife,br,cdn.resfu.com/img_data/equipos/2383.png
tombense,br,cdn.resfu.com/img_data/equipos/16685.png
vila-nova,br,cdn.resfu.com/img_data/equipos/5872.png
vitoria,br,cdn.resfu.com/img_data/equipos/2729.png
volta-redonda,br,cdn.resfu.com/img_data/equipos/16557.png
xv-piracicaba,br,cdn.resfu.com/img_data/equipos/6380.png
argentinos-juniors,ar,cdn.resfu.com/img_data/equipos/252.png
arsenal-sarandi-fc,ar,cdn.resfu.com/img_data/equipos/3875.png
ca-banfield,ar,cdn.resfu.com/img_data/equipos/580.png
barracas-central,ar,cdn.resfu.com/img_data/equipos/6550.png
belgrano,ar,cdn.resfu.com/img_data/equipos/3064.png
ca-boca-juniors,ar,cdn.resfu.com/img_data/equipos/583.png
colon-santa-fe,ar,cdn.resfu.com/img_data/equipos/815.png
defensa-justicia,ar,cdn.resfu.com/img_data/equipos/5901.png
estudiantes-plata,ar,cdn.resfu.com/img_data/equipos/1010.png
ferro-carril-oeste,ar,cdn.resfu.com/img_data/equipos/5903.png
gimnasia-plata,ar,cdn.resfu.com/img_data/equipos/3715.png
godoy-cruz-antonio-tomba,ar,cdn.resfu.com/img_data/equipos/1244.png
ca-huracan,ar,cdn.resfu.com/img_data/equipos/585.png
independiente,ar,cdn.resfu.com/img_data/equipos/1373.png
instituto,ar,cdn.resfu.com/img_data/equipos/3068.png
ca-lanus,ar,cdn.resfu.com/img_data/equipos/588.png
newells-old-boys,ar,cdn.resfu.com/img_data/equipos/4344.png
quilmes,ar,cdn.resfu.com/img_data/equipos/3066.png
platense,ar,cdn.resfu.com/img_data/equipos/9691.png
racing-club-avellaneda,ar,cdn.resfu.com/img_data/equipos/2053.png
ca-river-plate,ar,cdn.resfu.com/img_data/equipos/593.png
ca-rosario-central,ar,cdn.resfu.com/img_data/equipos/595.png
sarmiento,ar,cdn.resfu.com/img_data/equipos/6547.png
talleres-cordoba,ar,cdn.resfu.com/img_data/equipos/6563.png
ca-tigre,ar,cdn.resfu.com/img_data/equipos/599.png
union-santa-fe,ar,cdn.resfu.com/img_data/equipos/5896.png
ca-velez-sarsfield,ar,cdn.resfu.com/img_data/equipos/600.png
nacional-montevideo,uy,cdn.resfu.com/img_data/equipos/1770.png
penarol-montevideo,uy,cdn.resfu.com/img_data/equipos/1945.png
danubio-montevideo,uy,cdn.resfu.com/img_data/equipos/886.png
defensor-sporting,uy,cdn.resfu.com/img_data/equipos/891.png
liverpool-montevideo,uy,cdn.resfu.com/img_data/equipos/1564.png
montevideo-wanderers,uy,cdn.resfu.com/img_data/equipos/5600.png
plaza-colonia,uy,cdn.resfu.com/img_data/equipos/5948.png
cerro-porteno,py,cdn.resfu.com/img_data/equipos/725.png
guarani,py,cdn.resfu.com/img_data/equipos/11581.png
libertad-asuncion,py,cdn.resfu.com/img_data/equipos/1553.png
olimpia-asuncion,py,cdn.resfu.com/img_data/equipos/1852.png
nacional-asuncion,py,cdn.resfu.com/img_data/equipos/1767.png
rubio-nu,py,cdn.resfu.com/img_data/equipos/4376.png
sportivo-luqueno,py,cdn.resfu.com/img_data/equipos/2397.png
sol-america,py,cdn.resfu.com/img_data/equipos/2359.png
audax-italiano,cl,cdn.resfu.com/img_data/equipos/390.png
cobreloa,cl,cdn.resfu.com/img_data/equipos/9945.png
cobresal,cl,cdn.resfu.com/img_data/equipos/9951.png
colo-colo,cl,cdn.resfu.com/img_data/equipos/9952.png
everton,cl,cdn.resfu.com/img_data/equipos/9140.png
universidad-chile,cl,cdn.resfu.com/img_data/equipos/4391.png
univ-catolica,cl,cdn.resfu.com/img_data/equipos/2597.png
huachipato,cl,cdn.resfu.com/img_data/equipos/9950.png
nublense,cl,cdn.resfu.com/img_data/equipos/9135.png
palestino,cl,cdn.resfu.com/img_data/equipos/9953.png
santiago-wanderers,cl,cdn.resfu.com/img_data/equipos/4393.png
union-espanola,cl,cdn.resfu.com/img_data/equipos/2591.png
union-calera,cl,cdn.resfu.com/img_data/equipos/5587.png
univ-concepcion,cl,cdn.resfu.com/img_data/equipos/2600.png
always-ready,bo,cdn.resfu.com/img_data/equipos/62958.png
blooming,bo,cdn.resfu.com/img_data/equipos/11368.png
bolivar,bo,cdn.resfu.com/img_data/equipos/11369.png
club-aurora,bo,cdn.resfu.com/img_data/equipos/6317.png
club-universitario,bo,cdn.resfu.com/img_data/equipos/18624.png
the-strongest,bo,cdn.resfu.com/img_data/equipos/11372.png
guabira-santa-cruz,bo,cdn.resfu.com/img_data/equipos/1261.png
jorge-wilstermann-40,bo,cdn.resfu.com/img_data/equipos/15156.png
nacional-potosi,bo,cdn.resfu.com/img_data/equipos/4371.png
oriente-petrolero,bo,cdn.resfu.com/img_data/equipos/1879.png
san-jose-oruro,bo,cdn.resfu.com/img_data/equipos/2231.png
real-santa-cruz,bo,cdn.resfu.com/img_data/equipos/63697.png
real-potosi,bo,cdn.resfu.com/img_data/equipos/2116.png
royal-pari-fc,bo,cdn.resfu.com/img_data/equipos/79080.png
alianza-lima,pe,cdn.resfu.com/img_data/equipos/172.png
deportivo-muni,pe,cdn.resfu.com/img_data/equipos/11659.png
carlos-manucci-trujillo,pe,cdn.resfu.com/img_data/equipos/17803.png
fbc-melgar-arequipa,pe,cdn.resfu.com/img_data/equipos/1032.png
sporting-cristal-lima,pe,cdn.resfu.com/img_data/equipos/2392.png
club-cienciano,pe,cdn.resfu.com/img_data/equipos/5597.png
real-atletico,pe,cdn.resfu.com/img_data/equipos/6399.png
sport-boys-callao,pe,cdn.resfu.com/img_data/equipos/2382.png
sport-huancayo,pe,cdn.resfu.com/img_data/equipos/5157.png
universitario-lima,pe,cdn.resfu.com/img_data/equipos/2612.png
universidad-ce-hellip,pe,cdn.resfu.com/img_data/equipos/5160.png
utc-cajamarca,pe,cdn.resfu.com/img_data/equipos/11635.png
barcelona-guayaquil,ec,cdn.resfu.com/img_data/equipos/432.png
deportivo-cuenca,ec,cdn.resfu.com/img_data/equipos/907.png
deportivo-quito,ec,cdn.resfu.com/img_data/equipos/913.png
emelec-guayaquil,ec,cdn.resfu.com/img_data/equipos/980.png
cd-el-nacional,ec,cdn.resfu.com/img_data/equipos/5585.png
liga-quito,ec,cdn.resfu.com/img_data/equipos/1555.png
csd-independiente-valle,ec,cdn.resfu.com/img_data/equipos/16078.png
universidad-catolica-ecuador,ec,cdn.resfu.com/img_data/equipos/5292.png
america-cali,co,cdn.resfu.com/img_data/equipos/207.png
atletico-nacional,co,cdn.resfu.com/img_data/equipos/4372.png
deportivo-cali,co,cdn.resfu.com/img_data/equipos/906.png
equidad,co,cdn.resfu.com/img_data/equipos/11324.png
independiente-medellin,co,cdn.resfu.com/img_data/equipos/1374.png
junior,co,cdn.resfu.com/img_data/equipos/11325.png
millonarios-bogota,co,cdn.resfu.com/img_data/equipos/1693.png
santa-fe,co,cdn.resfu.com/img_data/equipos/2255.png
deportes-tolima,co,cdn.resfu.com/img_data/equipos/900.png
caracas-venezuela,ve,cdn.resfu.com/img_data/equipos/5602.png
deportivo-tachira-fc,ve,cdn.resfu.com/img_data/equipos/3606.png
estudiantes-merida-fc,ve,cdn.resfu.com/img_data/equipos/3604.png
deportivo-la-guaira,ve,cdn.resfu.com/img_data/equipos/15169.png
zamora-cf,ve,cdn.resfu.com/img_data/equipos/2787.png
america,mx,cdn.resfu.com/img_data/equipos/10276.png
atlante,mx,cdn.resfu.com/img_data/equipos/10278.png
fc-atlas-guadalajara,mx,cdn.resfu.com/img_data/equipos/731.png
cdsc-cruz-azul,mx,cdn.resfu.com/img_data/equipos/705.png
guadalajara,mx,cdn.resfu.com/img_data/equipos/1262.png
fc-juarez,mx,cdn.resfu.com/img_data/equipos/64675.png
leon-club,mx,cdn.resfu.com/img_data/equipos/10271.png
mazatlan-fc,mx,cdn.resfu.com/img_data/equipos/137142.png
monterrey,mx,cdn.resfu.com/img_data/equipos/10275.png
necaxa,mx,cdn.resfu.com/img_data/equipos/5151.png
pachuca,mx,cdn.resfu.com/img_data/equipos/10279.png
puebla-fc,mx,cdn.resfu.com/img_data/equipos/2027.png
queretaro,mx,cdn.resfu.com/img_data/equipos/4346.png
santos-laguna,mx,cdn.resfu.com/img_data/equipos/10274.png
san-luis,mx,cdn.resfu.com/img_data/equipos/9133.png
tijuana,mx,cdn.resfu.com/img_data/equipos/5994.png
tigres-uanl,mx,cdn.resfu.com/img_data/equipos/4348.png
toluca,mx,cdn.resfu.com/img_data/equipos/10277.png
atlanta-united-fc,us,cdn.resfu.com/img_data/equipos/89624.png
austin-fc,us,cdn.resfu.com/img_data/equipos/137675.png
charlotte-mls,us,cdn.resfu.com/img_data/equipos/137770.png
chicago-fire,us,cdn.resfu.com/img_data/equipos/758.png
colorado-rapids,us,cdn.resfu.com/img_data/equipos/818.png
columbus-crew,us,cdn.resfu.com/img_data/equipos/819.png
dc-united,us,cdn.resfu.com/img_data/equipos/888.png
fc-cincinnati,us,cdn.resfu.com/img_data/equipos/84193.png
fc-dallas,us,cdn.resfu.com/img_data/equipos/1057.png
kansas-city-wizards,us,cdn.resfu.com/img_data/equipos/1440.png
inter-miami-cf,us,cdn.resfu.com/img_data/equipos/119123.png
houston-dynamo,us,cdn.resfu.com/img_data/equipos/1335.png
los-angeles-football-club,us,cdn.resfu.com/img_data/equipos/99747.png
angeles-galaxy,us,cdn.resfu.com/img_data/equipos/1589.png
minnesota-united,us,cdn.resfu.com/img_data/equipos/17861.png
montreal-impact,ca,cdn.resfu.com/img_data/equipos/6385.png
nashville-sc,us,cdn.resfu.com/img_data/equipos/109669.png
new-york-city,us,cdn.resfu.com/img_data/equipos/59736.png
new-england-revolution,us,cdn.resfu.com/img_data/equipos/3994.png
ny-cosmos,us,cdn.resfu.com/img_data/equipos/17862.png
orlando-city-us,us,cdn.resfu.com/img_data/equipos/17824.png
philadelphia-union,us,cdn.resfu.com/img_data/equipos/4345.png
portland-timbers,us,cdn.resfu.com/img_data/equipos/5610.png
real-salt-lake,us,cdn.resfu.com/img_data/equipos/2119.png
red-bull-new-york,us,cdn.resfu.com/img_data/equipos/2144.png
san-jose-earthquakes-usa,us,cdn.resfu.com/img_data/equipos/11886.png
seattle-sounders-fc,us,cdn.resfu.com/img_data/equipos/3992.png
toronto-fc,ca,cdn.resfu.com/img_data/equipos/2509.png
whitecaps,ca,cdn.resfu.com/img_data/equipos/5609.png
deportivo-saprissa,cr,cdn.resfu.com/img_data/equipos/4400.png
alajuelense,cr,cdn.resfu.com/img_data/equipos/4396.png
herediano,cr,cdn.resfu.com/img_data/equipos/4395.png
cd-olimpia,hn,cdn.resfu.com/img_data/equipos/692.png
cd-motagua,hn,cdn.resfu.com/img_data/equipos/690.png
real-espana,hn,cdn.resfu.com/img_data/equipos/4375.png
alianza,sv,cdn.resfu.com/img_data/equipos/9153.png
aguila,sv,cdn.resfu.com/img_data/equipos/9154.png
real-esteli,ni,cdn.resfu.com/img_data/equipos/5402.png
al-ahli-jeddah,sa,cdn.resfu.com/img_data/equipos/105.png
al-ittifaq-dammam,sa,cdn.resfu.com/img_data/equipos/110.png
al-hilal,sa,cdn.resfu.com/img_data/equipos/11430.png
al-ittihad,sa,cdn.resfu.com/img_data/equipos/11429.png
al-nassr,sa,cdn.resfu.com/img_data/equipos/11426.png
al-shabab,sa,cdn.resfu.com/img_data/equipos/11225.png
al-taawon,sa,cdn.resfu.com/img_data/equipos/6444.png
muharraq,bh,cdn.resfu.com/img_data/equipos/15456.png
manama,bh,cdn.resfu.com/img_data/equipos/15459.png
al-rifaa,bh,cdn.resfu.com/img_data/equipos/15460.png
al-arabi-312,qa,cdn.resfu.com/img_data/equipos/15555.png
al-gharafa,qa,cdn.resfu.com/img_data/equipos/7959.png
al-sadd,qa,cdn.resfu.com/img_data/equipos/4648.png
qatar-sc,qa,cdn.resfu.com/img_data/equipos/4809.png
al-duhail-sc,qa,cdn.resfu.com/img_data/equipos/106427.png
al-rayyan,qa,cdn.resfu.com/img_data/equipos/5774.png
al-ain-62,ae,cdn.resfu.com/img_data/equipos/15592.png
al-jazira,ae,cdn.resfu.com/img_data/equipos/3999.png
al-sharjah,ae,cdn.resfu.com/img_data/equipos/121.png
al-wehda,ae,cdn.resfu.com/img_data/equipos/15584.png
al-wasl,ae,cdn.resfu.com/img_data/equipos/5464.png
shabab-al-ahli-dubai,ae,cdn.resfu.com/img_data/equipos/102486.png
persepolis,ir,cdn.resfu.com/img_data/equipos/4505.png
esteghlal,ir,cdn.resfu.com/img_data/equipos/1005.png
sepahan,ir,cdn.resfu.com/img_data/equipos/2306.png
tractor-sazi,ir,cdn.resfu.com/img_data/equipos/4519.png
zob-ahan,ir,cdn.resfu.com/img_data/equipos/2797.png
al-quwa-al-jawiya,iq,cdn.resfu.com/img_data/equipos/15483.png
al-zawraa,iq,cdn.resfu.com/img_data/equipos/15489.png
al-talaba,iq,cdn.resfu.com/img_data/equipos/15487.png
al-ahed-lb,lb,cdn.resfu.com/img_data/equipos/17351.png
al-ansar-lb,lb,cdn.resfu.com/img_data/equipos/17353.png
al-nejmeh-lb,lb,cdn.resfu.com/img_data/equipos/17355.png
al-kuwait,kw,
al-arabi,kw,cdn.resfu.com/img_data/equipos/127.png
bunyodkor,uz,cdn.resfu.com/img_data/equipos/4366.png
pakhtakor,uz,cdn.resfu.com/img_data/equipos/4367.png
albirex-niigata,jp,cdn.resfu.com/img_data/equipos/147.png
cerezo-osaka,jp,cdn.resfu.com/img_data/equipos/723.png
consadole-sapporo,jp,cdn.resfu.com/img_data/equipos/828.png
fc-tokyo,jp,cdn.resfu.com/img_data/equipos/1110.png
gamba-osaka,jp,cdn.resfu.com/img_data/equipos/1199.png
kashima-antlers,jp,cdn.resfu.com/img_data/equipos/1445.png
kashiwa-reysol,jp,cdn.resfu.com/img_data/equipos/1446.png
kawasaki-frontale,jp,cdn.resfu.com/img_data/equipos/1450.png
kyoto-sanga,jp,cdn.resfu.com/img_data/equipos/1479.png
nagoya-grampus,jp,cdn.resfu.com/img_data/equipos/1771.png
sagan-tosu,jp,cdn.resfu.com/img_data/equipos/5780.png
sanfrecce-hiroshima,jp,cdn.resfu.com/img_data/equipos/2245.png
shonan-bellmare,jp,cdn.resfu.com/img_data/equipos/4521.png
tokyo-verdy,jp,cdn.resfu.com/img_data/equipos/2499.png
urawa-reds,jp,cdn.resfu.com/img_data/equipos/4522.png
vissel-kobe,jp,cdn.resfu.com/img_data/equipos/2727.png
yokohama,jp,cdn.resfu.com/img_data/equipos/16519.png
yokohama-fc,jp,cdn.resfu.com/img_data/equipos/2778.png
busan-i-park,kr,cdn.resfu.com/img_data/equipos/573.png
daegu-fc,kr,cdn.resfu.com/img_data/equipos/880.png
fc-seoul,kr,cdn.resfu.com/img_data/equipos/1101.png
gangwon-fc,kr,cdn.resfu.com/img_data/equipos/3991.png
jeonbuk-motors,kr,cdn.resfu.com/img_data/equipos/1412.png
jeju-united,kr,cdn.resfu.com/img_data/equipos/1410.png
incheon-united,kr,cdn.resfu.com/img_data/equipos/1372.png
pohang-steelers,kr,cdn.resfu.com/img_data/equipos/1983.png
ulsan-horang-i,kr,cdn.resfu.com/img_data/equipos/2579.png
sangju-sangmu,kr,cdn.resfu.com/img_data/equipos/6443.png
suwon-bluewings,kr,cdn.resfu.com/img_data/equipos/2440.png
seongnam,kr,cdn.resfu.com/img_data/equipos/10069.png
beijing-guoan,cn,cdn.resfu.com/img_data/equipos/455.png
dalian-aerbin,cn,cdn.resfu.com/img_data/equipos/6424.png
hebei-zhongji,cn,cdn.resfu.com/img_data/equipos/17943.png
jiangsu-sainty,cn,cdn.resfu.com/img_data/equipos/11205.png
guangzhou-ever,cn,cdn.resfu.com/img_data/equipos/7487.png
shandong-luneng,cn,cdn.resfu.com/img_data/equipos/2319.png
shanghai-shenhua,cn,cdn.resfu.com/img_data/equipos/2320.png
shanghai-sipg,cn,cdn.resfu.com/img_data/equipos/11629.png
fc-goa,in,cdn.resfu.com/img_data/equipos/25004.png
chennaiyin-fc,in,cdn.resfu.com/img_data/equipos/25002.png
delhi-dynamos-fc,in,cdn.resfu.com/img_data/equipos/25003.png
east-bengal-club,in,cdn.resfu.com/img_data/equipos/949.png
hyderabad-fc,in,cdn.resfu.com/img_data/equipos/122534.png
kerala-blasters-fc,in,cdn.resfu.com/img_data/equipos/25006.png
mohun-bagan-sg,in,
mumbai-city-fc,in,cdn.resfu.com/img_data/equipos/25008.png
persebaya,id,cdn.resfu.com/img_data/equipos/17672.png
persib,id,cdn.resfu.com/img_data/equipos/17676.png
persisam-putra-samarinda,id,cdn.resfu.com/img_data/equipos/15477.png
psm-makassar,id,cdn.resfu.com/img_data/equipos/12078.png
buriram-united,th,cdn.resfu.com/img_data/equipos/7961.png
johor-fc,my,cdn.resfu.com/img_data/equipos/11492.png
ha-noi-t,vn,cdn.resfu.com/img_data/equipos/17311.png
phnom-penh-crown,kh,cdn.resfu.com/img_data/equipos/60704.png
melbourne-city,au,cdn.resfu.com/img_data/equipos/18574.png
sydney-fc,au,cdn.resfu.com/img_data/equipos/2455.png
adelaide-united,au,cdn.resfu.com/img_data/equipos/70.png
brisbane-roar,au,cdn.resfu.com/img_data/equipos/4087.png
central-coast-mariners,au,cdn.resfu.com/img_data/equipos/719.png
melbourne-victory,au,cdn.resfu.com/img_data/equipos/1671.png
newcastle-jets,au,cdn.resfu.com/img_data/equipos/1795.png
perth-glory,au,cdn.resfu.com/img_data/equipos/1953.png
western-sydney-wanderers-fc,au,cdn.resfu.com/img_data/equipos/15211.png
wellington-phoenix,nz,cdn.resfu.com/img_data/equipos/2744.png
auckland-city-fc,nz,cdn.resfu.com/img_data/equipos/15308.png
al-ahly,eg,cdn.resfu.com/img_data/equipos/5291.png
zamalek-sc,eg,cdn.resfu.com/img_data/equipos/4553.png
raja-casablanca,ma,cdn.resfu.com/img_data/equipos/5634.png
wydad-casablanca,ma,cdn.resfu.com/img_data/equipos/6429.png
club-africain,tn,cdn.resfu.com/img_data/equipos/789.png
esperance-tunis,tn,cdn.resfu.com/img_data/equipos/1002.png
etoile-sahel,tn,cdn.resfu.com/img_data/equipos/4484.png
cs-sfaxien,tn,cdn.resfu.com/img_data/equipos/864.png
es-setif,dz,cdn.resfu.com/img_data/equipos/11508.png
belouizdad,dz,cdn.resfu.com/img_data/equipos/11502.png
kabylie,dz,cdn.resfu.com/img_data/equipos/11506.png
mc-alger,dz,cdn.resfu.com/img_data/equipos/11504.png
usm-alger,dz,cdn.resfu.com/img_data/equipos/11509.png
al-ahly-benghazi,ly,cdn.resfu.com/img_data/equipos/62491.png
al-hilal-omdurman,sd,cdn.resfu.com/img_data/equipos/15943.png
al-merreikh-sd,sd,cdn.resfu.com/img_data/equipos/17294.png
Asec,ci,cdn.resfu.com/img_data/equipos/6538.png
mamelodi-sundowns,za,cdn.resfu.com/img_data/equipos/1627.png
orlando-pirates,za,cdn.resfu.com/img_data/equipos/1882.png
kaizer-chiefs,za,cdn.resfu.com/img_data/equipos/1436.png
primeiro-de-agosto,ao,cdn.resfu.com/img_data/equipos/15668.png
petroleos-luanda,ao,cdn.resfu.com/img_data/equipos/30679.png
simba-sc,tz,cdn.resfu.com/img_data/equipos/15969.png
hearts-of-oak,gh,cdn.resfu.com/img_data/equipos/5359.png
enyimba,ng,cdn.resfu.com/img_data/equipos/15882.png
tp-mazembe,cd,cdn.resfu.com/img_data/equipos/15707.png
v-club,cd,cdn.resfu.com/img_data/equipos/15709.png
cotonsport,cm,cdn.resfu.com/img_data/equipos/11552.png
horoya-ac,gn,cdn.resfu.com/img_data/equipos/15743.png
kedus-giorgis,et,cdn.resfu.com/img_data/equipos/59794.png
vipers-sc,ug,cdn.resfu.com/img_data/equipos/16008.png
fc-platinum,zw,cdn.resfu.com/img_data/equipos/16040.png
fc-drita,xk,cdn.resfu.com/img_data/equipos/61721.png
sarajevo,ba,cdn.resfu.com/img_data/equipos/9988.png
zeljeznicar,ba,cdn.resfu.com/img_data/equipos/4676.png
zrinjski,ba,cdn.resfu.com/img_data/equipos/4014.png
qaraba-a-dam-fk,az,cdn.resfu.com/img_data/equipos/5707.png
fk-neftchi,az,cdn.resfu.com/img_data/equipos/13596.png
pyunik,am,cdn.resfu.com/img_data/equipos/4004.png
dinamo-tbilisi,ge,cdn.resfu.com/img_data/equipos/11151.png
astana,kz,cdn.resfu.com/img_data/equipos/11764.png
aktobe,kz,cdn.resfu.com/img_data/equipos/4016.png
kairat-almaty,kz,cdn.resfu.com/img_data/equipos/13789.png
tobol-kostanay,kz,cdn.resfu.com/img_data/equipos/4054.png
fc-shakhtar-donetsk,ua,cdn.resfu.com/img_data/equipos/3079.png
dinamo-kiev,ua,cdn.resfu.com/img_data/equipos/4257.png
sk-dnipro-1,ua,cdn.resfu.com/img_data/equipos/101702.png
bate-borisov,by,cdn.resfu.com/img_data/equipos/3081.png
dinamo-minsk,by,cdn.resfu.com/img_data/equipos/4030.png
sheriff,md,cdn.resfu.com/img_data/equipos/4010.png
dinamo-moskva,ru,cdn.resfu.com/img_data/equipos/926.png
cska-moskva,ru,cdn.resfu.com/img_data/equipos/865.png
fk-krasnodar,ru,cdn.resfu.com/img_data/equipos/5633.png
fk-rostov-na-donu,ru,cdn.resfu.com/img_data/equipos/1150.png
lokomotiv-moskva,ru,cdn.resfu.com/img_data/equipos/1581.png
rubin-kazan,ru,cdn.resfu.com/img_data/equipos/2193.png
spartak-moskva,ru,cdn.resfu.com/img_data/equipos/2379.png
pfc-sochi,ru,cdn.resfu.com/img_data/equipos/111914.png
zenit-st-petersburg,ru,cdn.resfu.com/img_data/equipos/2794.png
lincoln-red-imps-fc,gi,cdn.resfu.com/img_data/equipos/18036.png
hangzhou,cn,cdn.resfu.com/img_data/equipos/7490.png
